{"cameraMode":{"drawMode":0,"name":"Shaded","section":"Shading Mode"},"sceneLighting":false,"audioPlay":false,"sceneViewState":{"m_AlwaysRefresh":false,"showFog":true,"showSkybox":false,"showFlares":true,"showImageEffects":true,"showParticleSystems":true,"showVisualEffectGraphs":true,"m_FxEnabled":true},"in2DMode":false,"pivot":{"x":13.495266914367676,"y":0.029481858015060426,"z":5.6000285148620609},"rotation":{"x":-0.12077208608388901,"y":0.7364977598190308,"z":-0.13654090464115144,"w":-0.6514496207237244},"size":3.1690831184387209,"orthographic":false}