{"cameraMode":{"drawMode":0,"name":"Shaded","section":"Shading Mode"},"sceneLighting":true,"audioPlay":false,"sceneViewState":{"m_AlwaysRefresh":false,"showFog":true,"showSkybox":false,"showFlares":true,"showImageEffects":true,"showParticleSystems":true,"showVisualEffectGraphs":true,"m_FxEnabled":true},"in2DMode":false,"pivot":{"x":6.487713813781738,"y":0.5397419929504395,"z":2.959698438644409},"rotation":{"x":0.04640724137425423,"y":0.6783345341682434,"z":-0.04300514608621597,"w":0.7320787310600281},"size":0.9201264381408691,"orthographic":true}