{"cameraMode":{"drawMode":0,"name":"Shaded","section":"Shading Mode"},"sceneLighting":true,"audioPlay":false,"sceneViewState":{"m_AlwaysRefresh":false,"showFog":true,"showSkybox":false,"showFlares":true,"showImageEffects":true,"showParticleSystems":true,"showVisualEffectGraphs":true,"m_FxEnabled":true},"in2DMode":false,"pivot":{"x":4.206120014190674,"y":0.06800001859664917,"z":1.5390877723693848},"rotation":{"x":0.04640724137425423,"y":0.6783345341682434,"z":-0.04300514608621597,"w":0.7320787310600281},"size":0.8099546432495117,"orthographic":true}