{"cameraMode":{"drawMode":0,"name":"Shaded","section":"Shading Mode"},"sceneLighting":false,"audioPlay":false,"sceneViewState":{"m_AlwaysRefresh":false,"showFog":true,"showSkybox":false,"showFlares":true,"showImageEffects":true,"showParticleSystems":true,"showVisualEffectGraphs":true,"m_FxEnabled":true},"in2DMode":false,"pivot":{"x":42.27888107299805,"y":-1.2895443439483643,"z":1.7425551414489747},"rotation":{"x":0.2063073068857193,"y":0.18830688297748567,"z":-0.04045780748128891,"w":0.9593828320503235},"size":3.7152349948883058,"orthographic":false}