{"cameraMode":{"drawMode":0,"name":"Shaded","section":"Shading Mode"},"sceneLighting":true,"audioPlay":false,"sceneViewState":{"m_AlwaysRefresh":false,"showFog":true,"showSkybox":true,"showFlares":true,"showImageEffects":true,"showParticleSystems":true,"showVisualEffectGraphs":true,"m_FxEnabled":true},"in2DMode":false,"pivot":{"x":24.9591007232666,"y":1.9986412525177003,"z":3.625535488128662},"rotation":{"x":-0.014620739035308361,"y":-0.9216343760490418,"z":0.03485972061753273,"w":-0.38628774881362917},"size":2.566774606704712,"orthographic":true}