{"cameraMode":{"drawMode":0,"name":"Shaded","section":"Shading Mode"},"sceneLighting":true,"audioPlay":false,"sceneViewState":{"m_AlwaysRefresh":false,"showFog":true,"showSkybox":true,"showFlares":true,"showImageEffects":true,"showParticleSystems":true,"showVisualEffectGraphs":true,"m_FxEnabled":true},"in2DMode":false,"pivot":{"x":42.746700286865237,"y":1.463292121887207,"z":4.2509307861328129},"rotation":{"x":0.04211021214723587,"y":0.6885493397712708,"z":0.04011233523488045,"w":-0.7228542566299439},"size":2.5385518074035646,"orthographic":false}