{"cameraMode":{"drawMode":0,"name":"Shaded","section":"Shading Mode"},"sceneLighting":false,"audioPlay":false,"sceneViewState":{"m_AlwaysRefresh":false,"showFog":true,"showSkybox":false,"showFlares":true,"showImageEffects":true,"showParticleSystems":true,"showVisualEffectGraphs":true,"m_FxEnabled":true},"in2DMode":false,"pivot":{"x":2.3261897563934328,"y":1.1992785930633546,"z":0.9219522476196289},"rotation":{"x":0.03398074954748154,"y":-0.10894253104925156,"z":-0.003736954415217042,"w":-0.9935076832771301},"size":4.33976936340332,"orthographic":true}