{"cameraMode":{"drawMode":0,"name":"Shaded","section":"Shading Mode"},"sceneLighting":false,"audioPlay":false,"sceneViewState":{"m_AlwaysRefresh":false,"showFog":true,"showSkybox":false,"showFlares":true,"showImageEffects":true,"showParticleSystems":true,"showVisualEffectGraphs":true,"m_FxEnabled":true},"in2DMode":false,"pivot":{"x":23.740657806396486,"y":1.3933384418487549,"z":3.699761390686035},"rotation":{"x":0.0007482417859137058,"y":-0.778287947177887,"z":-0.0009256823104806244,"w":-0.6279494762420654},"size":2.820924997329712,"orthographic":false}