{"cameraMode":{"drawMode":0,"name":"Shaded","section":"Shading Mode"},"sceneLighting":false,"audioPlay":false,"sceneViewState":{"m_AlwaysRefresh":false,"showFog":true,"showSkybox":false,"showFlares":true,"showImageEffects":true,"showParticleSystems":true,"showVisualEffectGraphs":true,"m_FxEnabled":true},"in2DMode":false,"pivot":{"x":23.462444305419923,"y":1.0492191314697266,"z":3.9059743881225588},"rotation":{"x":-0.009694949723780156,"y":-0.9902437329292297,"z":0.09116978198289871,"w":-0.10525450110435486},"size":2.820924997329712,"orthographic":false}