{"cameraMode":{"drawMode":0,"name":"Shaded","section":"Shading Mode"},"sceneLighting":true,"audioPlay":false,"sceneViewState":{"m_AlwaysRefresh":false,"showFog":true,"showSkybox":false,"showFlares":true,"showImageEffects":true,"showParticleSystems":true,"showVisualEffectGraphs":true,"m_FxEnabled":true},"in2DMode":false,"pivot":{"x":3.067999839782715,"y":0.6800003051757813,"z":3.1549997329711916},"rotation":{"x":0.015004284679889679,"y":0.9848749041557312,"z":-0.11307450383901596,"w":0.1307491511106491},"size":12.12435531616211,"orthographic":true}